2095,Basic,10,13-10-22,08-07-23,United States,38,Male,Smart TV,1 Month
2394,Premium,13,05-11-22,12-07-23,Canada,42,Female,Smartphone,1 Month
832,Standard,14,15-09-22,02-07-23,Spain,40,Female,Tablet,1 Month
757,Standard,11,03-09-22,30-06-23,Spain,32,Male,Laptop,1 Month
555,Basic,11,13-09-22,28-06-23,Germany,37,Female,Smartphone,1 Month
1193,Standard,14,16-10-22,03-07-23,United States,34,Male,Tablet,1 Month
26,Premium,15,12-01-22,27-06-23,France,29,Male,Smartphone,1 Month
968,Standard,13,31-08-22,03-07-23,United States,50,Male,Tablet,1 Month
2053,Standard,14,19-09-22,09-07-23,United Kingdom,37,Female,Laptop,1 Month
1554,Standard,14,30-10-22,06-07-23,Canada,30,Female,Laptop,1 Month
344,Standard,13,07-08-22,26-06-23,Australia,42,Female,Smartphone,1 Month
2017,Basic,10,14-09-22,08-07-23,Spain,38,Male,Laptop,1 Month
329,Premium,11,22-07-22,25-06-23,Spain,35,Female,Smart TV,1 Month
796,Premium,12,04-08-22,01-07-23,France,27,Male,Smart TV,1 Month
930,Basic,10,18-08-22,01-07-23,Germany,47,Male,Laptop,1 Month
1395,Basic,11,05-10-22,04-07-23,Germany,50,Female,Tablet,1 Month
2301,Premium,13,03-10-22,09-07-23,Spain,40,Male,Laptop,1 Month
2218,Standard,15,29-07-22,12-07-23,United Kingdom,41,Female,Tablet,1 Month
2021,Basic,12,25-09-22,08-07-23,United States,50,Female,Laptop,1 Month
457,Standard,14,29-06-22,28-06-23,Brazil,40,Male,Smart TV,1 Month
1327,Basic,12,07-10-22,02-07-23,Spain,48,Male,Laptop,1 Month
2169,Premium,12,22-10-22,08-07-23,Canada,47,Male,Tablet,1 Month
2379,Standard,11,25-10-22,09-07-23,Canada,47,Male,Smartphone,1 Month
2333,Basic,12,19-09-22,11-07-23,United States,49,Male,Tablet,1 Month
1640,Basic,13,19-07-22,06-07-23,Italy,42,Male,Smart TV,1 Month
1523,Standard,13,14-08-22,05-07-23,United States,38,Male,Smart TV,1 Month
1306,Premium,15,02-07-22,05-07-23,France,33,Female,Laptop,1 Month
73,Standard,12,27-09-22,26-06-23,United Kingdom,28,Female,Laptop,1 Month
1227,Basic,15,27-06-22,04-07-23,Canada,36,Female,Tablet,1 Month
833,Basic,13,17-09-22,29-06-23,United States,29,Male,Smartphone,1 Month
1172,Basic,11,29-07-22,04-07-23,Brazil,51,Female,Smart TV,1 Month
626,Premium,10,23-09-22,30-06-23,United States,30,Male,Laptop,1 Month
2468,Standard,14,24-10-22,12-07-23,United States,47,Female,Smartphone,1 Month
41,Premium,15,20-01-23,22-06-23,United States,31,Female,Laptop,1 Month
362,Basic,11,08-12-22,27-06-23,Canada,31,Male,Laptop,1 Month
1104,Standard,10,09-08-22,03-07-23,Canada,37,Female,Smart TV,1 Month
2487,Premium,11,25-07-22,12-07-23,Canada,35,Male,Smart TV,1 Month
566,Premium,11,11-10-22,01-07-23,United States,45,Male,Tablet,1 Month
130,Basic,14,07-01-23,23-06-23,Italy,43,Female,Tablet,1 Month
245,Basic,13,20-04-22,26-06-23,Germany,47,Male,Smart TV,1 Month
2371,Premium,15,03-10-22,10-07-23,France,29,Female,Smartphone,1 Month
27,Basic,10,29-08-22,25-06-23,Brazil,47,Female,Smart TV,1 Month
656,Premium,14,31-07-22,29-06-23,United States,33,Female,Laptop,1 Month
325,Basic,13,29-05-22,27-06-23,Germany,32,Male,Tablet,1 Month
17,Basic,10,24-01-22,25-06-23,Brazil,30,Female,Laptop,1 Month
1001,Premium,12,12-08-22,03-07-23,United States,34,Female,Laptop,1 Month
1601,Premium,14,19-09-22,05-07-23,United States,39,Male,Smartphone,1 Month
36,Premium,15,01-03-22,27-06-23,France,35,Male,Tablet,1 Month
1349,Premium,14,03-09-22,03-07-23,Australia,28,Male,Laptop,1 Month
1492,Basic,15,09-09-22,05-07-23,Spain,48,Female,Laptop,1 Month
1582,Standard,14,28-06-22,08-07-23,Spain,50,Male,Smart TV,1 Month
620,Basic,11,05-09-22,27-06-23,Italy,41,Female,Smartphone,1 Month
321,Premium,12,22-06-22,27-06-23,United States,33,Female,Smartphone,1 Month
2110,Premium,14,10-11-22,10-07-23,United States,44,Female,Smartphone,1 Month
1328,Standard,12,09-10-22,04-07-23,United States,35,Female,Tablet,1 Month
545,Basic,14,17-08-22,27-06-23,Italy,29,Male,Smart TV,1 Month
1458,Standard,14,09-09-22,06-07-23,Mexico,41,Female,Tablet,1 Month
889,Standard,10,02-07-22,01-07-23,Spain,45,Female,Smartphone,1 Month
2442,Basic,11,08-10-22,12-07-23,Canada,36,Male,Smartphone,1 Month
388,Standard,12,21-07-22,28-06-23,Mexico,38,Male,Laptop,1 Month
1025,Basic,13,23-06-22,03-07-23,Italy,28,Male,Smartphone,1 Month
1286,Basic,15,17-07-22,04-07-23,United States,37,Male,Laptop,1 Month
853,Standard,14,06-11-22,30-06-23,United Kingdom,39,Male,Tablet,1 Month
1054,Standard,12,17-10-22,03-07-23,Spain,39,Female,Tablet,1 Month
1686,Premium,11,01-11-22,08-07-23,Spain,40,Male,Laptop,1 Month
2318,Standard,11,11-11-22,12-07-23,United States,34,Male,Smart TV,1 Month
1746,Premium,14,10-10-22,07-07-23,Spain,28,Male,Smart TV,1 Month
851,Premium,15,09-11-22,30-06-23,United States,47,Male,Laptop,1 Month
1770,Basic,13,10-09-22,08-07-23,Germany,50,Female,Tablet,1 Month
2127,Basic,15,12-08-22,09-07-23,Canada,46,Male,Smartphone,1 Month
506,Premium,14,23-10-22,29-06-23,United States,27,Male,Smart TV,1 Month
633,Standard,12,28-09-22,29-06-23,Mexico,41,Female,Smartphone,1 Month
246,Premium,11,03-05-22,25-06-23,France,38,Female,Smartphone,1 Month
2336,Basic,14,21-08-22,12-07-23,United States,43,Male,Smartphone,1 Month
623,Standard,13,30-08-22,28-06-23,United States,29,Female,Smart TV,1 Month
415,Basic,13,23-08-22,25-06-23,Germany,39,Female,Smartphone,1 Month
700,Basic,12,04-10-22,30-06-23,United States,31,Female,Laptop,1 Month
1922,Basic,13,18-07-22,10-07-23,Brazil,28,Male,Tablet,1 Month
852,Basic,12,08-11-22,01-07-23,Canada,47,Female,Laptop,1 Month
1628,Standard,13,17-09-22,06-07-23,United States,48,Female,Laptop,1 Month
1454,Premium,11,14-08-22,06-07-23,Australia,27,Female,Smartphone,1 Month
306,Premium,13,06-07-22,27-06-23,France,45,Male,Tablet,1 Month
1758,Standard,13,05-11-22,07-07-23,Mexico,35,Male,Laptop,1 Month
752,Premium,10,24-07-22,28-06-23,Brazil,28,Female,Smartphone,1 Month
1903,Standard,12,03-11-22,08-07-23,United Kingdom,27,Female,Smart TV,1 Month
2214,Premium,12,16-07-22,12-07-23,Canada,29,Female,Tablet,1 Month
2055,Basic,14,05-09-22,09-07-23,Germany,29,Female,Laptop,1 Month
542,Basic,14,26-07-22,27-06-23,Brazil,41,Male,Smartphone,1 Month
1471,Premium,10,19-10-22,06-07-23,France,51,Female,Smartphone,1 Month
2428,Standard,12,06-08-22,15-07-23,United Kingdom,30,Female,Tablet,1 Month
1667,Basic,11,05-09-22,06-07-23,Brazil,49,Male,Tablet,1 Month
1382,Basic,13,08-08-22,06-07-23,Brazil,32,Female,Smart TV,1 Month
934,Standard,11,06-08-22,01-07-23,Spain,34,Female,Smartphone,1 Month
616,Premium,14,02-09-22,27-06-23,France,38,Female,Laptop,1 Month
879,Standard,12,18-06-22,29-06-23,Canada,42,Female,Tablet,1 Month
1465,Basic,14,06-10-22,04-07-23,United States,41,Male,Laptop,1 Month
2054,Premium,10,13-09-22,09-07-23,Australia,31,Male,Tablet,1 Month
802,Basic,13,22-06-22,30-06-23,Spain,33,Female,Smartphone,1 Month
78,Standard,15,18-11-22,28-06-23,Mexico,49,Male,Tablet,1 Month
994,Premium,11,31-10-22,02-07-23,Spain,45,Male,Tablet,1 Month
2028,Standard,11,19-10-22,10-07-23,Mexico,41,Female,Smartphone,1 Month
121,Premium,15,03-10-22,24-06-23,United States,27,Male,Smart TV,1 Month
1412,Basic,15,02-11-22,05-07-23,Brazil,27,Male,Laptop,1 Month
317,Basic,15,25-08-22,28-06-23,Brazil,44,Female,Tablet,1 Month
1315,Basic,11,20-08-22,03-07-23,United States,42,Male,Smartphone,1 Month
200,Basic,11,13-10-22,25-06-23,Italy,45,Female,Tablet,1 Month
754,Standard,11,10-08-22,29-06-23,Spain,41,Male,Laptop,1 Month
1618,Standard,11,05-11-22,06-07-23,United Kingdom,27,Male,Smart TV,1 Month
2279,Premium,10,14-07-22,10-07-23,Australia,40,Male,Smart TV,1 Month
89,Basic,15,20-10-22,26-06-23,Spain,39,Male,Smartphone,1 Month
2287,Basic,12,27-07-22,09-07-23,Spain,47,Female,Tablet,1 Month
630,Basic,15,06-10-22,30-06-23,Germany,32,Female,Smart TV,1 Month
129,Standard,13,05-11-22,23-06-23,Spain,38,Male,Smart TV,1 Month
1035,Basic,14,14-08-22,01-07-23,Germany,43,Male,Smartphone,1 Month
1597,Basic,13,06-09-22,06-07-23,Spain,37,Male,Smart TV,1 Month
1689,Premium,13,05-11-22,07-07-23,Canada,38,Male,Tablet,1 Month
1698,Standard,12,18-09-22,06-07-23,Mexico,29,Male,Tablet,1 Month
1497,Basic,15,29-07-22,03-07-23,Canada,35,Male,Smart TV,1 Month
2346,Premium,10,20-07-22,12-07-23,Spain,43,Female,Smartphone,1 Month
1889,Basic,13,20-10-22,07-07-23,Australia,37,Female,Laptop,1 Month
940,Basic,12,26-06-22,03-07-23,United States,48,Female,Smart TV,1 Month
882,Basic,13,12-06-22,01-07-23,Canada,46,Female,Smart TV,1 Month
513,Standard,10,06-07-22,28-06-23,Mexico,50,Male,Tablet,1 Month
1936,Premium,13,15-07-22,10-07-23,France,36,Male,Laptop,1 Month
1118,Standard,13,09-10-22,03-07-23,United States,35,Male,Smart TV,1 Month
2173,Standard,13,31-10-22,07-07-23,United Kingdom,46,Female,Smartphone,1 Month
6,Premium,15,18-03-22,27-06-23,France,29,Female,Smart TV,1 Month
2392,Basic,14,11-11-22,12-07-23,Spain,46,Male,Tablet,1 Month
1996,Premium,10,11-07-22,10-07-23,France,34,Male,Smart TV,1 Month
240,Standard,13,27-06-22,26-06-23,Italy,38,Male,Smartphone,1 Month
526,Basic,11,20-06-22,28-06-23,France,49,Male,Laptop,1 Month
1600,Basic,11,15-09-22,06-07-23,United States,39,Male,Tablet,1 Month
110,Basic,13,26-01-23,24-06-23,Italy,37,Female,Laptop,1 Month
584,Premium,14,14-07-22,28-06-23,Australia,48,Female,Smart TV,1 Month
856,Premium,10,06-10-22,30-06-23,France,32,Female,Smart TV,1 Month
1237,Basic,11,05-07-22,02-07-23,Spain,32,Female,Tablet,1 Month
2260,Premium,10,01-10-22,11-07-23,United States,31,Male,Tablet,1 Month
579,Standard,12,16-10-22,28-06-23,Canada,35,Female,Tablet,1 Month
1352,Premium,13,21-08-22,05-07-23,Brazil,42,Male,Laptop,1 Month
1114,Standard,15,01-10-22,03-07-23,Spain,50,Male,Smart TV,1 Month
640,Basic,13,20-11-22,30-06-23,United States,50,Female,Laptop,1 Month
187,Basic,13,10-07-22,24-06-23,Brazil,49,Female,Laptop,1 Month
1324,Premium,10,02-10-22,04-07-23,Spain,48,Female,Smart TV,1 Month
2376,Premium,12,19-10-22,12-07-23,Spain,49,Male,Smart TV,1 Month
1768,Standard,14,17-09-22,07-07-23,United Kingdom,35,Male,Tablet,1 Month
1567,Basic,13,26-07-22,04-07-23,Spain,38,Male,Smartphone,1 Month
2210,Basic,11,13-07-22,11-07-23,Italy,27,Male,Smartphone,1 Month
93,Standard,12,05-02-22,26-06-23,United Kingdom,35,Male,Smartphone,1 Month
1613,Standard,15,23-10-22,06-07-23,United States,40,Female,Smartphone,1 Month
2084,Premium,13,01-09-22,10-07-23,Australia,27,Female,Smartphone,1 Month
560,Basic,15,14-10-22,29-06-23,Italy,45,Male,Laptop,1 Month
2151,Premium,13,14-08-22,08-07-23,Spain,34,Female,Smart TV,1 Month
383,Basic,10,01-06-22,27-06-23,United Kingdom,49,Male,Smart TV,1 Month
1081,Premium,10,27-06-22,30-06-23,France,40,Female,Smartphone,1 Month
378,Standard,14,13-08-22,27-06-23,Mexico,47,Female,Laptop,1 Month
2117,Basic,13,27-10-22,09-07-23,Brazil,27,Male,Laptop,1 Month
1956,Premium,12,12-10-22,08-07-23,Spain,30,Female,Tablet,1 Month
2015,Basic,12,05-09-22,07-07-23,Italy,27,Male,Smartphone,1 Month
1097,Basic,13,03-07-22,02-07-23,Brazil,45,Female,Smartphone,1 Month
1202,Premium,15,06-11-22,03-07-23,Brazil,27,Male,Smart TV,1 Month
1361,Basic,12,02-07-22,02-07-23,United States,41,Female,Laptop,1 Month
541,Premium,10,13-07-22,27-06-23,France,31,Male,Smart TV,1 Month
1211,Basic,10,23-08-22,04-07-23,United States,29,Female,Laptop,1 Month
1127,Premium,11,26-10-22,02-07-23,Brazil,33,Female,Tablet,1 Month
157,Standard,14,27-09-22,24-06-23,Brazil,30,Male,Laptop,1 Month
1506,Premium,10,29-06-22,05-07-23,Spain,47,Male,Smartphone,1 Month
1230,Basic,12,25-06-22,03-07-23,Germany,40,Female,Smart TV,1 Month
1208,Basic,11,24-09-22,04-07-23,United States,34,Male,Smartphone,1 Month
112,Basic,10,01-06-22,28-06-23,Canada,33,Female,Laptop,1 Month
2467,Basic,15,26-10-22,11-07-23,Spain,40,Female,Smartphone,1 Month
893,Standard,13,30-07-22,01-07-23,United States,42,Female,Smart TV,1 Month
1418,Standard,15,23-09-22,05-07-23,United States,42,Female,Smart TV,1 Month
1561,Premium,14,12-09-22,06-07-23,France,41,Male,Laptop,1 Month
1159,Standard,15,25-06-22,01-07-23,Spain,41,Male,Laptop,1 Month
2087,Basic,13,11-09-22,09-07-23,Brazil,50,Male,Tablet,1 Month
466,Premium,10,07-06-22,27-06-23,France,33,Male,Laptop,1 Month
1707,Basic,13,28-07-22,06-07-23,Canada,39,Female,Smartphone,1 Month
359,Premium,11,20-11-22,26-06-23,Spain,41,Male,Smartphone,1 Month
1633,Standard,11,31-08-22,05-07-23,United Kingdom,35,Male,Tablet,1 Month
2136,Premium,13,17-07-22,10-07-23,Spain,29,Female,Tablet,1 Month
2125,Basic,14,05-09-22,09-07-23,United States,41,Female,Smartphone,1 Month
1945,Basic,14,29-08-22,07-07-23,United States,39,Female,Smart TV,1 Month
2,Premium,15,05-09-21,22-06-23,Canada,35,Female,Tablet,1 Month
2204,Premium,11,25-07-22,13-07-23,Australia,39,Male,Smart TV,1 Month
888,Standard,13,29-06-22,29-06-23,Mexico,42,Female,Laptop,1 Month
621,Premium,14,06-09-22,29-06-23,Spain,49,Male,Smart TV,1 Month
1135,Premium,13,23-10-22,02-07-23,United States,36,Male,Laptop,1 Month
2362,Basic,12,17-08-22,14-07-23,Spain,37,Male,Smartphone,1 Month
861,Premium,14,14-08-22,01-07-23,Spain,50,Female,Smart TV,1 Month
977,Premium,11,07-10-22,30-06-23,Brazil,45,Female,Laptop,1 Month
2012,Basic,15,18-08-22,10-07-23,Brazil,48,Male,Smart TV,1 Month
1960,Premium,13,23-10-22,08-07-23,United States,41,Female,Laptop,1 Month
2030,Basic,14,23-10-22,09-07-23,Italy,43,Male,Tablet,1 Month
1926,Premium,11,06-07-22,10-07-23,Spain,28,Female,Tablet,1 Month
499,Premium,10,18-11-22,26-06-23,Spain,28,Female,Laptop,1 Month
925,Basic,10,25-10-22,01-07-23,United States,27,Female,Laptop,1 Month
2406,Premium,13,30-08-22,15-07-23,Spain,35,Female,Smart TV,1 Month
483,Standard,14,25-08-22,27-06-23,United Kingdom,28,Male,Smart TV,1 Month
45,Basic,10,28-01-23,28-06-23,Germany,43,Female,Laptop,1 Month
48,Standard,12,15-09-21,24-06-23,Mexico,32,Male,Tablet,1 Month
2086,Premium,13,04-09-22,12-07-23,France,45,Female,Smart TV,1 Month
1782,Basic,13,19-07-22,10-07-23,Canada,51,Male,Laptop,1 Month
2039,Basic,11,08-11-22,09-07-23,Australia,43,Male,Laptop,1 Month
231,Premium,11,29-10-22,24-06-23,United States,43,Male,Smartphone,1 Month
1952,Premium,14,27-09-22,08-07-23,Brazil,31,Male,Smartphone,1 Month
1424,Premium,14,09-08-22,04-07-23,Australia,38,Male,Laptop,1 Month
1954,Standard,11,10-10-22,11-07-23,Spain,43,Male,Laptop,1 Month
238,Standard,15,17-07-22,28-06-23,Mexico,48,Male,Smartphone,1 Month
2002,Basic,10,09-07-22,11-07-23,Spain,30,Female,Smartphone,1 Month
363,Standard,12,01-11-22,25-06-23,United Kingdom,47,Female,Smart TV,1 Month
2051,Premium,10,28-09-22,09-07-23,United States,48,Male,Smartphone,1 Month
1319,Standard,14,06-09-22,03-07-23,Australia,35,Male,Smartphone,1 Month
1441,Premium,11,25-06-22,04-07-23,France,51,Female,Tablet,1 Month
1296,Premium,12,30-06-22,03-07-23,Spain,28,Male,Smart TV,1 Month
413,Standard,13,24-08-22,26-06-23,United Kingdom,41,Female,Smartphone,1 Month
270,Basic,12,04-09-22,25-06-23,Italy,47,Male,Smart TV,1 Month
1704,Standard,10,16-08-22,07-07-23,Canada,28,Male,Laptop,1 Month
916,Premium,12,26-10-22,01-07-23,France,50,Female,Smartphone,1 Month
220,Basic,12,26-11-22,27-06-23,Italy,29,Male,Tablet,1 Month
2228,Standard,15,16-09-22,10-07-23,United States,51,Male,Tablet,1 Month
2202,Basic,14,25-07-22,11-07-23,Canada,35,Female,Tablet,1 Month
1394,Standard,11,02-10-22,04-07-23,Australia,30,Female,Tablet,1 Month
2443,Standard,13,10-10-22,13-07-23,United Kingdom,28,Female,Laptop,1 Month
2116,Premium,12,01-11-22,10-07-23,France,33,Female,Tablet,1 Month
188,Standard,15,16-07-22,27-06-23,Mexico,44,Female,Smart TV,1 Month
448,Standard,14,12-08-22,27-06-23,Mexico,48,Male,Tablet,1 Month
1620,Basic,11,05-11-22,07-07-23,Germany,38,Male,Smartphone,1 Month
1519,Premium,14,27-07-22,05-07-23,Spain,31,Male,Tablet,1 Month
1248,Standard,13,03-09-22,05-07-23,Mexico,47,Female,Smart TV,1 Month
316,Premium,12,27-05-22,25-06-23,France,50,Female,Laptop,1 Month
1406,Premium,10,30-10-22,07-07-23,United States,33,Female,Smart TV,1 Month
846,Premium,12,21-10-22,01-07-23,Spain,35,Male,Laptop,1 Month
906,Premium,13,06-10-22,02-07-23,Spain,32,Male,Smart TV,1 Month
769,Premium,14,08-10-22,30-06-23,Spain,36,Female,Smart TV,1 Month
1513,Standard,12,29-06-22,06-07-23,United Kingdom,41,Male,Smartphone,1 Month
1364,Basic,14,01-07-22,04-07-23,Australia,47,Male,Tablet,1 Month
1762,Basic,10,04-11-22,06-07-23,Spain,28,Female,Smartphone,1 Month
651,Premium,13,15-08-22,29-06-23,Spain,31,Male,Tablet,1 Month
1987,Basic,12,07-08-22,08-07-23,Spain,31,Male,Smart TV,1 Month
392,Basic,15,03-06-22,28-06-23,Canada,28,Male,Smart TV,1 Month
1631,Premium,14,09-09-22,07-07-23,United States,44,Male,Laptop,1 Month
1387,Basic,13,29-08-22,04-07-23,Spain,42,Male,Smart TV,1 Month
1153,Standard,15,29-06-22,03-07-23,United Kingdom,32,Female,Laptop,1 Month
1500,Basic,14,11-07-22,05-07-23,Germany,38,Female,Tablet,1 Month
739,Standard,13,21-06-22,28-06-23,Spain,27,Male,Smartphone,1 Month
2226,Premium,13,06-09-22,13-07-23,Spain,41,Female,Laptop,1 Month
1281,Premium,13,25-08-22,04-07-23,Spain,41,Female,Laptop,1 Month
37,Basic,10,14-09-22,25-06-23,Brazil,45,Female,Laptop,1 Month
1931,Premium,14,08-07-22,07-07-23,United States,27,Male,Tablet,1 Month
1266,Premium,15,25-10-22,04-07-23,Spain,47,Female,Laptop,1 Month
1212,Premium,13,21-08-22,04-07-23,Canada,40,Female,Tablet,1 Month
32,Basic,10,07-07-22,28-06-23,Canada,37,Male,Tablet,1 Month
788,Standard,12,13-09-22,30-06-23,United States,45,Female,Tablet,1 Month
995,Basic,14,28-10-22,01-07-23,Italy,42,Female,Tablet,1 Month
1546,Premium,13,29-10-22,08-07-23,France,43,Male,Smart TV,1 Month
969,Premium,12,02-09-22,30-06-23,Canada,28,Male,Smart TV,1 Month
795,Basic,11,03-08-22,01-07-23,Germany,47,Male,Smartphone,1 Month
2220,Basic,15,11-08-22,11-07-23,Germany,41,Male,Smartphone,1 Month
1977,Basic,12,12-10-22,09-07-23,Canada,31,Male,Smartphone,1 Month
366,Premium,12,17-10-22,29-06-23,France,41,Male,Smart TV,1 Month
646,Premium,10,27-10-22,30-06-23,France,49,Female,Laptop,1 Month
2261,Basic,10,25-09-22,10-07-23,United States,40,Female,Tablet,1 Month
619,Premium,11,06-09-22,29-06-23,Spain,27,Male,Smartphone,1 Month
434,Premium,12,15-10-22,29-06-23,Australia,32,Female,Laptop,1 Month
1553,Standard,12,03-11-22,06-07-23,United States,39,Male,Tablet,1 Month
2090,Basic,12,20-09-22,12-07-23,Italy,31,Female,Tablet,1 Month
1346,Basic,12,16-10-22,04-07-23,United States,39,Female,Smart TV,1 Month
16,Premium,15,07-04-22,27-06-23,France,36,Male,Tablet,1 Month
1909,Standard,12,16-09-22,08-07-23,Spain,29,Male,Smart TV,1 Month
1205,Basic,12,27-10-22,03-07-23,Italy,40,Female,Laptop,1 Month
600,Basic,14,16-06-22,29-06-23,Germany,36,Female,Smart TV,1 Month
147,Basic,12,08-11-22,24-06-23,Brazil,49,Female,Laptop,1 Month
2349,Standard,11,14-07-22,11-07-23,Canada,47,Female,Tablet,1 Month
625,Basic,15,20-09-22,28-06-23,United States,33,Male,Tablet,1 Month
2364,Premium,13,26-08-22,11-07-23,Canada,28,Female,Smart TV,1 Month
1695,Basic,14,24-10-22,04-07-23,Germany,28,Female,Smartphone,1 Month
1789,Standard,14,30-06-22,07-07-23,Spain,47,Female,Tablet,1 Month
1650,Basic,14,28-06-22,08-07-23,Germany,32,Male,Tablet,1 Month
1504,Standard,11,30-06-22,06-07-23,Spain,32,Male,Smart TV,1 Month
2018,Standard,10,16-09-22,09-07-23,United States,41,Female,Laptop,1 Month
1107,Basic,15,31-08-22,01-07-23,Canada,36,Female,Smart TV,1 Month
2256,Premium,15,29-10-22,11-07-23,Spain,41,Male,Laptop,1 Month
376,Basic,12,20-06-22,27-06-23,France,39,Female,Smartphone,1 Month
898,Standard,11,30-08-22,02-07-23,United Kingdom,31,Female,Tablet,1 Month
1639,Standard,15,22-07-22,06-07-23,Spain,47,Male,Laptop,1 Month
2224,Premium,10,24-08-22,10-07-23,Spain,33,Male,Tablet,1 Month
953,Standard,10,16-06-22,30-06-23,United States,34,Female,Laptop,1 Month
2423,Standard,12,19-07-22,11-07-23,United States,30,Male,Laptop,1 Month
950,Basic,10,20-06-22,30-06-23,Italy,31,Male,Tablet,1 Month
250,Basic,14,09-08-22,26-06-23,Italy,28,Male,Laptop,1 Month
1015,Basic,12,28-06-22,30-06-23,United States,32,Female,Laptop,1 Month
768,Standard,10,08-10-22,02-07-23,Mexico,38,Female,Laptop,1 Month
917,Basic,14,29-10-22,30-06-23,Brazil,33,Female,Tablet,1 Month
877,Basic,13,28-06-22,01-07-23,Spain,30,Male,Smart TV,1 Month
2409,Standard,14,03-08-22,11-07-23,Canada,38,Female,Laptop,1 Month
1857,Basic,13,06-07-22,07-07-23,Canada,44,Female,Smart TV,1 Month
455,Basic,11,31-05-22,27-06-23,Germany,31,Female,Smart TV,1 Month
1577,Premium,10,03-07-22,04-07-23,Brazil,45,Male,Tablet,1 Month
1335,Basic,12,24-10-22,06-07-23,Germany,36,Male,Tablet,1 Month
2075,Basic,14,15-07-22,09-07-23,Italy,47,Female,Tablet,1 Month
996,Premium,15,25-10-22,02-07-23,Spain,46,Male,Tablet,1 Month
672,Basic,14,09-06-22,30-06-23,Canada,47,Female,Tablet,1 Month
279,Standard,15,12-11-22,24-06-23,Spain,50,Female,Laptop,1 Month
401,Premium,12,17-07-22,26-06-23,United States,47,Female,Laptop,1 Month
897,Basic,14,21-08-22,30-06-23,Canada,32,Female,Laptop,1 Month
1747,Basic,12,12-10-22,08-07-23,Spain,30,Female,Laptop,1 Month
2254,Standard,11,04-11-22,11-07-23,Spain,40,Male,Laptop,1 Month
461,Basic,11,16-06-22,27-06-23,United States,37,Male,Smart TV,1 Month
2357,Basic,13,26-07-22,11-07-23,Brazil,33,Male,Smartphone,1 Month
942,Basic,12,22-06-22,01-07-23,Canada,43,Male,Laptop,1 Month
1518,Standard,13,19-07-22,07-07-23,Mexico,45,Male,Smart TV,1 Month
1234,Standard,12,25-06-22,03-07-23,Spain,48,Female,Smartphone,1 Month
1120,Basic,13,10-10-22,04-07-23,United States,51,Female,Smartphone,1 Month
1514,Basic,12,01-07-22,07-07-23,Australia,30,Female,Smartphone,1 Month
1192,Basic,11,14-10-22,03-07-23,Spain,37,Male,Laptop,1 Month
2388,Standard,14,12-11-22,12-07-23,Mexico,30,Male,Tablet,1 Month
1944,Premium,15,28-08-22,09-07-23,Canada,27,Male,Tablet,1 Month
663,Standard,11,13-06-22,29-06-23,Mexico,36,Male,Tablet,1 Month
1416,Premium,11,18-10-22,05-07-23,Spain,31,Male,Smart TV,1 Month
211,Premium,15,15-11-22,27-06-23,United States,40,Male,Tablet,1 Month
2048,Standard,11,24-10-22,09-07-23,United States,41,Male,Tablet,1 Month
1147,Basic,11,27-07-22,01-07-23,Spain,40,Female,Tablet,1 Month
1042,Basic,14,10-09-22,02-07-23,Spain,35,Female,Tablet,1 Month
1732,Standard,12,14-08-22,07-07-23,Spain,33,Male,Smartphone,1 Month
2180,Basic,14,10-11-22,10-07-23,Italy,31,Female,Smart TV,1 Month
1222,Basic,15,30-06-22,03-07-23,Spain,33,Female,Tablet,1 Month
1929,Standard,12,08-07-22,07-07-23,Canada,33,Female,Smartphone,1 Month
683,Basic,13,03-08-22,29-06-23,United States,39,Male,Smartphone,1 Month
518,Standard,15,07-08-22,27-06-23,United States,37,Female,Tablet,1 Month
2277,Basic,14,14-07-22,10-07-23,Canada,37,Male,Smart TV,1 Month
2445,Basic,14,16-10-22,10-07-23,Germany,31,Female,Smartphone,1 Month
2250,Basic,14,10-11-22,11-07-23,Germany,33,Male,Tablet,1 Month
1604,Premium,10,30-09-22,06-07-23,Australia,32,Female,Smartphone,1 Month
1038,Standard,12,02-09-22,03-07-23,Mexico,30,Male,Smartphone,1 Month
299,Premium,10,30-10-22,27-06-23,Spain,27,Male,Smartphone,1 Month
2473,Standard,12,28-09-22,11-07-23,United Kingdom,39,Female,Laptop,1 Month
2307,Basic,14,19-10-22,12-07-23,Canada,41,Male,Smartphone,1 Month
1785,Basic,13,13-07-22,07-07-23,Germany,50,Female,Tablet,1 Month
1623,Standard,12,03-11-22,06-07-23,Mexico,29,Male,Laptop,1 Month
450,Basic,14,06-08-22,27-06-23,Italy,49,Male,Laptop,1 Month
919,Premium,15,11-11-22,29-06-23,Spain,40,Male,Smartphone,1 Month
945,Basic,13,26-06-22,29-06-23,Germany,39,Male,Laptop,1 Month
2189,Basic,15,04-10-22,09-07-23,Australia,35,Male,Laptop,1 Month
87,Premium,15,28-12-21,23-06-23,Brazil,45,Male,Smart TV,1 Month
564,Premium,14,28-09-22,29-06-23,Canada,35,Male,Smartphone,1 Month
241,Premium,13,31-05-22,27-06-23,United States,47,Male,Laptop,1 Month
1672,Basic,15,23-09-22,07-07-23,Spain,30,Male,Tablet,1 Month
145,Basic,11,05-05-22,26-06-23,Germany,35,Female,Laptop,1 Month
1607,Basic,15,09-10-22,07-07-23,Brazil,41,Female,Smartphone,1 Month
2186,Basic,15,27-10-22,11-07-23,United States,38,Male,Smart TV,1 Month
1060,Premium,10,08-11-22,02-07-23,United States,50,Female,Laptop,1 Month
1242,Basic,14,31-07-22,05-07-23,Canada,49,Female,Tablet,1 Month
1862,Basic,13,04-07-22,10-07-23,Brazil,31,Female,Tablet,1 Month
1687,Basic,13,03-11-22,05-07-23,Spain,49,Male,Smartphone,1 Month
464,Basic,13,03-06-22,28-06-23,Australia,45,Male,Laptop,1 Month
1681,Premium,15,22-10-22,07-07-23,France,27,Male,Smart TV,1 Month
1502,Premium,14,11-07-22,05-07-23,Brazil,40,Female,Laptop,1 Month
324,Standard,15,22-05-22,27-06-23,Australia,32,Male,Tablet,1 Month
920,Basic,14,09-11-22,01-07-23,Italy,34,Female,Tablet,1 Month
2283,Standard,13,16-07-22,10-07-23,Mexico,34,Male,Smart TV,1 Month
1432,Standard,11,05-07-22,05-07-23,Spain,43,Male,Smartphone,1 Month
670,Basic,10,08-06-22,29-06-23,United States,38,Male,Smart TV,1 Month
2334,Standard,13,16-09-22,12-07-23,Canada,39,Female,Smartphone,1 Month
2478,Standard,10,16-08-22,13-07-23,Mexico,47,Male,Tablet,1 Month
253,Standard,15,21-05-22,25-06-23,United Kingdom,45,Female,Tablet,1 Month
94,Premium,12,19-03-22,25-06-23,Australia,44,Male,Smartphone,1 Month
2380,Basic,13,27-10-22,12-07-23,United States,36,Female,Smartphone,1 Month
192,Basic,14,26-06-22,27-06-23,Canada,50,Female,Smartphone,1 Month
745,Basic,11,12-06-22,30-06-23,United States,28,Female,Laptop,1 Month
1572,Basic,13,11-07-22,06-07-23,Canada,39,Male,Laptop,1 Month
1298,Standard,14,26-06-22,03-07-23,United States,27,Male,Laptop,1 Month
96,Premium,14,26-07-22,24-06-23,France,32,Male,Laptop,1 Month
787,Basic,12,03-10-22,29-06-23,Spain,49,Female,Laptop,1 Month
1065,Standard,15,29-10-22,02-07-23,Germany,33,Male,Smart TV,1 Month
106,Premium,10,18-03-22,24-06-23,France,49,Female,Tablet,1 Month
1381,Premium,12,04-08-22,04-07-23,France,48,Female,Smart TV,1 Month
2111,Basic,14,09-11-22,09-07-23,United States,47,Male,Laptop,1 Month
456,Premium,14,04-06-22,27-06-23,France,41,Male,Tablet,1 Month
708,Standard,13,02-11-22,01-07-23,Mexico,39,Male,Laptop,1 Month
1711,Premium,14,16-07-22,06-07-23,France,34,Male,Smartphone,1 Month
921,Premium,14,09-11-22,01-07-23,Spain,27,Female,Smart TV,1 Month
1467,Basic,12,08-10-22,04-07-23,Canada,43,Male,Smartphone,1 Month
667,Basic,11,30-06-22,30-06-23,Spain,51,Female,Smartphone,1 Month
1721,Basic,12,29-06-22,06-07-23,United States,34,Male,Tablet,1 Month
1959,Standard,14,21-10-22,07-07-23,Canada,35,Female,Smartphone,1 Month
1466,Premium,13,07-10-22,06-07-23,United States,30,Female,Smart TV,1 Month
267,Basic,11,08-09-22,27-06-23,Brazil,44,Female,Laptop,1 Month
703,Standard,14,27-09-22,30-06-23,United Kingdom,35,Male,Laptop,1 Month
219,Premium,12,16-11-22,25-06-23,Spain,46,Female,Smartphone,1 Month
547,Basic,10,05-09-22,27-06-23,Spain,39,Male,Tablet,1 Month
2305,Basic,15,16-10-22,09-07-23,United States,45,Male,Smartphone,1 Month
515,Basic,15,01-07-22,29-06-23,Italy,44,Female,Laptop,1 Month
2199,Standard,14,13-08-22,09-07-23,Canada,49,Male,Tablet,1 Month
561,Premium,14,30-09-22,28-06-23,Spain,29,Female,Laptop,1 Month
2118,Standard,10,23-10-22,10-07-23,Mexico,34,Male,Smart TV,1 Month
70,Basic,10,08-05-23,22-06-23,Italy,41,Male,Smartphone,1 Month
1737,Premium,12,05-09-22,06-07-23,Canada,28,Female,Laptop,1 Month
1755,Basic,15,31-10-22,07-07-23,Germany,50,Male,Laptop,1 Month
1696,Premium,13,17-10-22,07-07-23,France,44,Male,Laptop,1 Month
1030,Basic,13,14-07-22,01-07-23,United States,50,Male,Smartphone,1 Month
2408,Basic,12,25-08-22,13-07-23,United States,45,Female,Smartphone,1 Month
1666,Premium,11,28-08-22,07-07-23,France,28,Male,Laptop,1 Month
103,Standard,13,04-04-22,26-06-23,United Kingdom,36,Male,Laptop,1 Month
223,Standard,12,08-01-23,25-06-23,United Kingdom,34,Female,Smartphone,1 Month
1215,Standard,13,04-08-22,03-07-23,Germany,41,Female,Laptop,1 Month
2157,Basic,10,13-09-22,10-07-23,Canada,43,Male,Smart TV,1 Month
2495,Basic,15,23-07-22,12-07-23,Italy,43,Female,Laptop,1 Month
2143,Standard,12,14-07-22,08-07-23,United Kingdom,46,Female,Smartphone,1 Month
1846,Premium,13,12-08-22,08-07-23,France,45,Male,Smartphone,1 Month
2266,Premium,15,16-08-22,09-07-23,France,43,Male,Tablet,1 Month
1236,Premium,15,01-07-22,02-07-23,Spain,35,Female,Tablet,1 Month
2384,Premium,14,07-11-22,12-07-23,Australia,30,Male,Smart TV,1 Month
1699,Premium,10,17-09-22,04-07-23,Spain,31,Female,Laptop,1 Month
1179,Standard,14,05-09-22,02-07-23,Canada,44,Female,Smartphone,1 Month
1213,Standard,10,16-08-22,02-07-23,United Kingdom,27,Male,Smart TV,1 Month
608,Basic,12,22-06-22,28-06-23,United States,48,Female,Smart TV,1 Month
2451,Premium,15,31-10-22,12-07-23,Spain,48,Female,Tablet,1 Month
1684,Standard,13,27-10-22,07-07-23,Spain,28,Male,Smartphone,1 Month
614,Basic,15,14-08-22,28-06-23,Australia,51,Male,Smartphone,1 Month
1347,Basic,13,14-10-22,04-07-23,Canada,30,Male,Smart TV,1 Month
2153,Standard,13,27-08-22,09-07-23,United States,45,Male,Tablet,1 Month
664,Standard,11,12-06-22,30-06-23,Spain,31,Male,Smart TV,1 Month
2324,Premium,13,04-11-22,11-07-23,Australia,30,Male,Smart TV,1 Month
875,Basic,14,26-06-22,29-06-23,Italy,28,Male,Smart TV,1 Month
19,Premium,15,15-02-23,23-06-23,Spain,32,Female,Smart TV,1 Month
2098,Standard,15,18-10-22,10-07-23,United Kingdom,29,Female,Tablet,1 Month
886,Premium,15,23-06-22,30-06-23,France,45,Female,Smart TV,1 Month
985,Premium,11,21-10-22,29-06-23,United States,36,Male,Smart TV,1 Month
1610,Basic,14,17-10-22,06-07-23,Italy,36,Female,Smart TV,1 Month
909,Standard,14,08-10-22,01-07-23,Canada,30,Male,Tablet,1 Month
2203,Standard,14,26-07-22,10-07-23,United Kingdom,44,Male,Smartphone,1 Month
2263,Standard,14,19-09-22,09-07-23,United Kingdom,50,Male,Tablet,1 Month
1210,Premium,14,06-09-22,03-07-23,United States,50,Male,Smart TV,1 Month
2275,Basic,11,23-07-22,09-07-23,United States,50,Male,Smart TV,1 Month
594,Premium,12,06-06-22,30-06-23,Canada,38,Female,Smart TV,1 Month
992,Basic,13,08-11-22,03-07-23,Brazil,47,Female,Smartphone,1 Month
9,Standard,12,20-10-22,23-06-23,Spain,37,Male,Smartphone,1 Month
1778,Standard,11,29-07-22,09-07-23,United States,42,Female,Tablet,1 Month
441,Premium,13,05-10-22,28-06-23,United States,48,Female,Laptop,1 Month
203,Standard,13,31-07-22,24-06-23,United Kingdom,42,Female,Smart TV,1 Month
2072,Basic,15,10-07-22,11-07-23,Brazil,49,Female,Laptop,1 Month
1691,Premium,13,05-11-22,05-07-23,United States,27,Female,Smart TV,1 Month
138,Standard,15,21-09-22,23-06-23,Mexico,28,Male,Laptop,1 Month
290,Basic,12,25-11-22,30-06-23,Italy,48,Male,Smartphone,1 Month
1077,Basic,15,22-07-22,30-06-23,Canada,38,Female,Laptop,1 Month
511,Premium,11,26-07-22,28-06-23,France,44,Female,Smart TV,1 Month
1293,Standard,11,01-07-22,04-07-23,Mexico,40,Female,Tablet,1 Month
213,Standard,12,08-09-22,24-06-23,United Kingdom,49,Female,Smart TV,1 Month
792,Basic,12,11-08-22,30-06-23,Canada,45,Male,Smart TV,1 Month
1023,Standard,10,18-06-22,02-07-23,Mexico,51,Female,Laptop,1 Month
379,Standard,10,12-08-22,28-06-23,Spain,46,Female,Smart TV,1 Month
2177,Premium,15,08-11-22,09-07-23,Brazil,42,Female,Tablet,1 Month
1323,Standard,10,28-09-22,02-07-23,Mexico,29,Male,Smartphone,1 Month
1524,Standard,11,20-08-22,07-07-23,Canada,39,Male,Smartphone,1 Month
201,Premium,11,04-07-22,27-06-23,United States,49,Female,Smart TV,1 Month
2288,Standard,13,02-08-22,13-07-23,United States,50,Male,Smartphone,1 Month
559,Standard,13,19-10-22,28-06-23,Spain,51,Female,Tablet,1 Month
1453,Standard,14,13-08-22,04-07-23,United Kingdom,36,Male,Smartphone,1 Month
1868,Standard,14,01-08-22,08-07-23,United States,38,Male,Tablet,1 Month
691,Premium,11,01-09-22,29-06-23,France,28,Female,Laptop,1 Month
1129,Standard,14,07-11-22,03-07-23,Spain,37,Female,Smartphone,1 Month
1322,Basic,11,16-09-22,06-07-23,Brazil,40,Male,Smartphone,1 Month
647,Basic,15,25-10-22,28-06-23,Brazil,32,Male,Smart TV,1 Month
838,Standard,11,07-10-22,02-07-23,United Kingdom,38,Male,Smartphone,1 Month
159,Standard,10,21-12-22,26-06-23,Spain,51,Female,Smart TV,1 Month
1854,Standard,14,16-07-22,08-07-23,Canada,46,Female,Laptop,1 Month
2236,Premium,11,16-10-22,10-07-23,France,47,Male,Smart TV,1 Month
43,Standard,12,07-02-22,27-06-23,United Kingdom,36,Female,Smart TV,1 Month
2302,Basic,11,05-10-22,10-07-23,Spain,30,Female,Smartphone,1 Month
814,Standard,10,12-06-22,29-06-23,Spain,38,Male,Smartphone,1 Month
1976,Premium,13,19-10-22,09-07-23,United States,37,Female,Tablet,1 Month
1622,Basic,12,05-11-22,05-07-23,Brazil,45,Female,Smart TV,1 Month
2209,Standard,10,13-07-22,09-07-23,Spain,48,Female,Tablet,1 Month
377,Premium,12,27-08-22,28-06-23,Brazil,37,Male,Laptop,1 Month
2133,Standard,11,22-07-22,09-07-23,Mexico,38,Male,Laptop,1 Month
202,Basic,12,26-06-22,27-06-23,Canada,31,Female,Tablet,1 Month
2353,Standard,15,18-07-22,10-07-23,United Kingdom,30,Female,Laptop,1 Month
166,Premium,13,16-04-22,26-06-23,France,42,Male,Laptop,1 Month
373,Standard,10,18-06-22,26-06-23,United Kingdom,44,Female,Tablet,1 Month
1461,Premium,11,17-09-22,05-07-23,Spain,32,Male,Smart TV,1 Month
167,Basic,13,07-04-22,24-06-23,Brazil,29,Male,Smartphone,1 Month
2138,Standard,11,12-07-22,12-07-23,United States,39,Male,Smartphone,1 Month
1463,Standard,11,02-10-22,03-07-23,United States,37,Male,Smart TV,1 Month
372,Basic,11,06-09-22,27-06-23,Canada,31,Female,Tablet,1 Month
2377,Basic,14,20-10-22,12-07-23,Spain,50,Female,Tablet,1 Month
205,Basic,12,30-07-22,25-06-23,Germany,30,Male,Smart TV,1 Month
1013,Standard,12,27-06-22,02-07-23,United States,42,Female,Smart TV,1 Month
161,Basic,10,23-10-22,24-06-23,United States,45,Male,Tablet,1 Month
380,Basic,15,05-08-22,27-06-23,Italy,27,Female,Smart TV,1 Month
585,Basic,14,16-07-22,29-06-23,Germany,41,Male,Laptop,1 Month
460,Premium,10,30-06-22,28-06-23,Italy,30,Female,Smart TV,1 Month
2085,Basic,15,02-09-22,09-07-23,Germany,33,Male,Laptop,1 Month
1429,Standard,12,12-07-22,06-07-23,Spain,48,Male,Laptop,1 Month
463,Standard,11,01-06-22,26-06-23,United Kingdom,40,Male,Smart TV,1 Month
24,Standard,12,03-04-22,26-06-23,Australia,31,Male,Tablet,1 Month
2129,Premium,14,05-08-22,09-07-23,Australia,29,Female,Laptop,1 Month
2243,Standard,10,04-11-22,09-07-23,United States,47,Female,Laptop,1 Month
1656,Premium,10,10-07-22,07-07-23,Spain,30,Male,Smartphone,1 Month
2212,Basic,14,14-07-22,11-07-23,Spain,41,Male,Smart TV,1 Month
1679,Premium,14,16-10-22,06-07-23,Australia,48,Male,Tablet,1 Month
2044,Premium,12,05-11-22,10-07-23,Spain,31,Male,Smart TV,1 Month
2414,Basic,10,22-07-22,13-07-23,Australia,46,Male,Smart TV,1 Month
1474,Premium,12,26-10-22,05-07-23,Spain,31,Female,Laptop,1 Month
1635,Basic,12,15-08-22,07-07-23,Germany,33,Male,Tablet,1 Month
1979,Premium,15,28-09-22,08-07-23,Australia,51,Female,Smartphone,1 Month
1918,Standard,11,07-08-22,10-07-23,United Kingdom,34,Female,Smartphone,1 Month
85,Premium,10,06-04-23,27-06-23,Germany,37,Female,Laptop,1 Month
1869,Premium,13,11-08-22,08-07-23,Canada,48,Male,Smart TV,1 Month
1417,Basic,13,28-09-22,05-07-23,Spain,43,Female,Tablet,1 Month
1636,Premium,10,16-08-22,07-07-23,France,32,Female,Smart TV,1 Month
1953,Standard,12,09-10-22,09-07-23,Mexico,47,Male,Smartphone,1 Month
1313,Standard,10,09-08-22,02-07-23,United States,39,Male,Smart TV,1 Month
170,Basic,14,12-01-23,25-06-23,Italy,32,Male,Laptop,1 Month
2194,Premium,14,12-09-22,12-07-23,Spain,36,Female,Smart TV,1 Month
1124,Premium,11,17-10-22,03-07-23,Australia,32,Male,Laptop,1 Month
822,Basic,11,24-07-22,29-06-23,Canada,36,Male,Laptop,1 Month
269,Standard,13,15-10-22,25-06-23,Spain,29,Female,Laptop,1 Month
731,Premium,13,19-06-22,29-06-23,United States,30,Male,Tablet,1 Month
265,Basic,11,05-08-22,25-06-23,Germany,32,Female,Smart TV,1 Month
1596,Premium,13,27-08-22,06-07-23,Spain,36,Male,Laptop,1 Month
2438,Standard,12,23-09-22,11-07-23,United States,49,Female,Smart TV,1 Month
2481,Premium,10,05-08-22,12-07-23,Spain,33,Female,Laptop,1 Month
1261,Premium,11,14-10-22,02-07-23,France,37,Female,Smart TV,1 Month
2500,Basic,15,13-08-22,12-07-23,United States,35,Female,Smart TV,1 Month
1820,Basic,14,20-10-22,07-07-23,Italy,48,Female,Smart TV,1 Month
1724,Premium,12,04-07-22,08-07-23,Australia,28,Male,Laptop,1 Month
364,Standard,14,12-10-22,29-06-23,Australia,48,Male,Smart TV,1 Month
1299,Standard,14,27-06-22,01-07-23,Canada,35,Male,Smart TV,1 Month
1061,Basic,15,09-11-22,01-07-23,United States,30,Female,Tablet,1 Month
18,Standard,12,18-10-21,24-06-23,Mexico,43,Male,Smartphone,1 Month
217,Basic,15,13-11-22,25-06-23,Brazil,44,Male,Smart TV,1 Month
2486,Basic,10,25-07-22,14-07-23,United States,40,Female,Smartphone,1 Month
1861,Premium,15,03-07-22,07-07-23,France,38,Female,Laptop,1 Month
1718,Standard,15,29-06-22,07-07-23,United States,30,Male,Tablet,1 Month
2213,Standard,15,15-07-22,09-07-23,United States,44,Female,Tablet,1 Month
913,Standard,15,10-10-22,01-07-23,United Kingdom,32,Male,Laptop,1 Month
681,Premium,11,16-07-22,28-06-23,Spain,33,Male,Laptop,1 Month
252,Basic,11,30-05-22,26-06-23,Canada,38,Female,Smartphone,1 Month
956,Premium,10,24-06-22,01-07-23,United States,42,Female,Smart TV,1 Month
446,Basic,14,28-06-22,28-06-23,France,46,Female,Smartphone,1 Month
1594,Premium,15,16-08-22,07-07-23,Spain,49,Female,Tablet,1 Month
990,Standard,15,09-11-22,01-07-23,Germany,35,Male,Smartphone,1 Month
2052,Basic,11,22-09-22,09-07-23,Canada,39,Female,Smart TV,1 Month
1638,Standard,10,28-07-22,06-07-23,Mexico,40,Female,Tablet,1 Month
1026,Premium,10,26-06-22,01-07-23,Spain,46,Female,Laptop,1 Month
2415,Standard,14,22-07-22,11-07-23,Germany,37,Male,Smart TV,1 Month
198,Standard,10,18-10-22,27-06-23,Mexico,49,Female,Laptop,1 Month
648,Standard,10,17-10-22,28-06-23,Mexico,38,Female,Smartphone,1 Month
873,Standard,10,22-06-22,01-07-23,Mexico,42,Female,Smart TV,1 Month
712,Basic,13,08-11-22,01-07-23,Spain,45,Male,Tablet,1 Month
212,Basic,11,28-10-22,26-06-23,Canada,36,Male,Smart TV,1 Month
1887,Premium,13,13-10-22,09-07-23,Canada,49,Male,Smart TV,1 Month
2197,Basic,11,13-08-22,10-07-23,Spain,28,Male,Smartphone,1 Month
706,Premium,12,24-10-22,01-07-23,France,46,Female,Smartphone,1 Month
1404,Standard,14,24-10-22,05-07-23,Canada,42,Female,Tablet,1 Month
2313,Standard,11,04-11-22,09-07-23,Mexico,36,Female,Tablet,1 Month
1844,Standard,14,11-09-22,08-07-23,Australia,47,Female,Smart TV,1 Month
2488,Standard,11,18-07-22,13-07-23,United Kingdom,29,Female,Smartphone,1 Month
753,Standard,12,27-07-22,30-06-23,Mexico,43,Female,Smartphone,1 Month
1073,Standard,11,13-08-22,01-07-23,United States,31,Male,Smart TV,1 Month
1068,Standard,15,21-10-22,04-07-23,Mexico,34,Female,Tablet,1 Month
975,Basic,12,02-10-22,30-06-23,Germany,36,Female,Smart TV,1 Month
263,Standard,15,25-07-22,24-06-23,United Kingdom,46,Male,Smartphone,1 Month
872,Basic,14,21-06-22,01-07-23,Brazil,42,Female,Laptop,1 Month
1063,Standard,13,02-11-22,03-07-23,United Kingdom,35,Female,Laptop,1 Month
2422,Basic,14,17-07-22,12-07-23,Spain,40,Male,Smart TV,1 Month
1849,Premium,11,29-07-22,07-07-23,Spain,33,Female,Smartphone,1 Month
389,Basic,14,02-08-22,26-06-23,Spain,45,Male,Smart TV,1 Month
1275,Basic,11,25-10-22,03-07-23,Germany,40,Female,Smartphone,1 Month
543,Standard,11,27-07-22,28-06-23,Mexico,37,Male,Smartphone,1 Month
1615,Basic,11,28-10-22,06-07-23,United States,30,Female,Smart TV,1 Month
1839,Premium,15,15-09-22,06-07-23,Canada,36,Female,Smart TV,1 Month
2235,Basic,15,15-10-22,09-07-23,Germany,38,Male,Laptop,1 Month
1794,Premium,12,06-07-22,08-07-23,Canada,36,Female,Tablet,1 Month
2033,Basic,13,31-10-22,07-07-23,United States,48,Male,Smartphone,1 Month
1140,Standard,10,09-09-22,03-07-23,Germany,31,Female,Smart TV,1 Month
1177,Basic,15,01-09-22,02-07-23,Spain,48,Male,Tablet,1 Month
1832,Basic,11,05-11-22,09-07-23,Brazil,48,Female,Smartphone,1 Month
610,Premium,13,05-07-22,29-06-23,United States,28,Female,Tablet,1 Month
562,Basic,14,19-09-22,30-06-23,Spain,37,Male,Laptop,1 Month
1442,Basic,10,26-06-22,06-07-23,Brazil,29,Male,Smart TV,1 Month
841,Premium,13,06-10-22,29-06-23,France,42,Male,Smartphone,1 Month
2011,Premium,10,15-08-22,07-07-23,France,28,Female,Tablet,1 Month
1532,Basic,13,26-09-22,07-07-23,Brazil,44,Female,Tablet,1 Month
2340,Standard,15,30-07-22,14-07-23,Germany,38,Male,Laptop,1 Month
1489,Standard,12,16-09-22,03-07-23,Spain,33,Male,Smart TV,1 Month
666,Premium,15,26-06-22,29-06-23,Spain,34,Female,Tablet,1 Month
641,Premium,12,21-11-22,29-06-23,United States,33,Male,Tablet,1 Month
489,Premium,11,26-10-22,28-06-23,Spain,49,Male,Tablet,1 Month
805,Basic,15,27-06-22,28-06-23,United States,39,Female,Laptop,1 Month
649,Premium,14,20-08-22,29-06-23,Spain,38,Female,Smartphone,1 Month
2208,Standard,13,13-07-22,12-07-23,Mexico,44,Male,Laptop,1 Month
2233,Standard,14,09-10-22,12-07-23,United Kingdom,34,Female,Smartphone,1 Month
1907,Basic,10,28-09-22,09-07-23,Brazil,45,Female,Smartphone,1 Month
2184,Standard,12,06-11-22,11-07-23,Canada,28,Male,Tablet,1 Month
482,Basic,11,27-08-22,27-06-23,Canada,30,Male,Smart TV,1 Month
1873,Standard,14,18-08-22,08-07-23,United Kingdom,50,Male,Smartphone,1 Month
740,Basic,14,16-06-22,29-06-23,Italy,30,Male,Tablet,1 Month
825,Basic,12,09-08-22,30-06-23,Germany,30,Female,Laptop,1 Month
1562,Basic,12,29-08-22,05-07-23,Brazil,27,Male,Smartphone,1 Month
184,Standard,13,26-04-22,25-06-23,Australia,28,Female,Laptop,1 Month
2191,Premium,12,29-09-22,10-07-23,France,30,Male,Smartphone,1 Month
2096,Basic,15,15-10-22,09-07-23,United States,42,Female,Tablet,1 Month
146,Basic,10,06-10-22,25-06-23,France,38,Male,Tablet,1 Month
1332,Basic,12,17-10-22,04-07-23,Canada,40,Female,Smartphone,1 Month
2327,Premium,10,29-10-22,11-07-23,Brazil,47,Female,Tablet,1 Month
345,Basic,10,08-08-22,25-06-23,Germany,48,Female,Smart TV,1 Month
275,Basic,15,06-08-22,25-06-23,Germany,34,Female,Laptop,1 Month
76,Basic,13,29-12-21,26-06-23,France,51,Female,Laptop,1 Month
1009,Standard,14,05-07-22,02-07-23,Spain,31,Female,Laptop,1 Month
182,Basic,13,16-05-22,25-06-23,Canada,30,Female,Laptop,1 Month
2106,Premium,10,06-11-22,09-07-23,Spain,28,Female,Smartphone,1 Month
606,Premium,14,13-06-22,29-06-23,Spain,50,Male,Tablet,1 Month
31,Premium,15,03-02-23,22-06-23,United States,28,Female,Smart TV,1 Month
2217,Basic,11,24-07-22,09-07-23,Canada,39,Female,Tablet,1 Month
2337,Premium,10,20-08-22,10-07-23,Canada,41,Male,Smartphone,1 Month
1283,Basic,10,17-08-22,02-07-23,United States,33,Male,Laptop,1 Month
1142,Basic,13,21-08-22,04-07-23,Brazil,47,Female,Laptop,1 Month
1784,Premium,13,16-07-22,07-07-23,Australia,36,Male,Tablet,1 Month
980,Basic,11,09-10-22,03-07-23,Italy,29,Male,Smart TV,1 Month
2135,Basic,15,19-07-22,09-07-23,Italy,31,Female,Smartphone,1 Month
1087,Basic,11,26-06-22,03-07-23,Spain,51,Male,Tablet,1 Month
711,Premium,14,15-11-22,29-06-23,Spain,27,Female,Laptop,1 Month
1588,Standard,15,25-07-22,07-07-23,United Kingdom,43,Male,Tablet,1 Month
981,Premium,10,09-10-22,30-06-23,Spain,28,Female,Smart TV,1 Month
1940,Basic,10,14-08-22,10-07-23,Italy,35,Male,Tablet,1 Month
2131,Premium,11,28-07-22,09-07-23,France,35,Male,Laptop,1 Month
818,Standard,13,30-06-22,28-06-23,United States,40,Male,Tablet,1 Month
1991,Premium,12,30-07-22,08-07-23,United States,35,Male,Laptop,1 Month
1336,Premium,12,28-10-22,04-07-23,France,45,Male,Tablet,1 Month
1370,Basic,13,23-06-22,04-07-23,Italy,42,Female,Tablet,1 Month
2036,Basic,12,05-11-22,09-07-23,United States,48,Female,Smartphone,1 Month
237,Premium,13,07-07-22,25-06-23,Brazil,46,Female,Tablet,1 Month
1020,Basic,13,21-06-22,01-07-23,Germany,38,Male,Tablet,1 Month
361,Premium,12,25-11-22,28-06-23,United States,36,Female,Laptop,1 Month
1526,Premium,10,28-08-22,06-07-23,United States,51,Male,Tablet,1 Month
1651,Basic,14,28-06-22,06-07-23,France,38,Male,Smart TV,1 Month
1439,Basic,14,24-06-22,04-07-23,Australia,47,Female,Laptop,1 Month
601,Basic,14,05-06-22,30-06-23,France,46,Female,Smart TV,1 Month
68,Standard,12,09-11-21,24-06-23,Mexico,33,Male,Tablet,1 Month
1966,Premium,10,04-11-22,09-07-23,France,44,Female,Tablet,1 Month
2269,Premium,15,01-08-22,10-07-23,Spain,33,Female,Smartphone,1 Month
2022,Basic,10,06-10-22,09-07-23,Canada,48,Female,Laptop,1 Month
1229,Premium,12,24-06-22,01-07-23,Australia,49,Male,Smartphone,1 Month
1726,Basic,14,20-07-22,09-07-23,France,48,Female,Laptop,1 Month
2416,Premium,14,19-07-22,13-07-23,France,44,Male,Tablet,1 Month
1624,Premium,13,31-10-22,07-07-23,Spain,35,Male,Smartphone,1 Month
881,Premium,11,11-06-22,01-07-23,United States,31,Female,Smartphone,1 Month
357,Basic,15,18-10-22,26-06-23,Brazil,39,Male,Smartphone,1 Month
1450,Basic,12,31-07-22,06-07-23,United States,42,Female,Smartphone,1 Month
484,Standard,13,25-08-22,28-06-23,Australia,40,Male,Smartphone,1 Month
1710,Basic,11,17-07-22,07-07-23,Germany,30,Male,Smart TV,1 Month
2452,Basic,14,04-11-22,13-07-23,Spain,31,Female,Tablet,1 Month
1494,Premium,13,04-08-22,06-07-23,Canada,51,Female,Smartphone,1 Month
46,Premium,15,23-02-22,27-06-23,France,34,Male,Smartphone,1 Month
2010,Basic,13,03-08-22,10-07-23,Germany,28,Male,Laptop,1 Month
1232,Basic,11,22-06-22,03-07-23,Brazil,42,Female,Smartphone,1 Month
1079,Premium,12,09-07-22,02-07-23,Australia,49,Female,Tablet,1 Month
2293,Standard,12,23-08-22,11-07-23,United Kingdom,28,Male,Tablet,1 Month
1736,Basic,15,04-09-22,07-07-23,United States,29,Female,Smartphone,1 Month
813,Standard,10,11-06-22,28-06-23,Mexico,50,Male,Smartphone,1 Month
669,Premium,13,19-06-22,28-06-23,Canada,27,Female,Tablet,1 Month
2132,Basic,12,24-07-22,11-07-23,Brazil,27,Male,Smart TV,1 Month
2363,Standard,11,22-08-22,11-07-23,United States,44,Female,Smart TV,1 Month
742,Basic,13,10-06-22,30-06-23,Spain,51,Male,Smartphone,1 Month
2165,Basic,12,14-10-22,08-07-23,Italy,38,Male,Laptop,1 Month
2343,Standard,10,30-07-22,11-07-23,Mexico,34,Female,Laptop,1 Month
583,Standard,15,17-07-22,28-06-23,United Kingdom,38,Female,Tablet,1 Month
2317,Basic,14,10-11-22,10-07-23,Spain,49,Female,Smart TV,1 Month
1796,Basic,10,15-07-22,09-07-23,United States,50,Male,Tablet,1 Month
2282,Basic,10,15-07-22,11-07-23,Brazil,40,Female,Smartphone,1 Month
1131,Premium,14,09-11-22,02-07-23,Spain,34,Female,Laptop,1 Month
1233,Standard,13,23-06-22,03-07-23,Mexico,41,Female,Smartphone,1 Month
2185,Premium,14,03-11-22,08-07-23,United States,33,Male,Smart TV,1 Month
433,Standard,11,06-11-22,25-06-23,United Kingdom,46,Female,Smartphone,1 Month
1289,Basic,12,02-07-22,04-07-23,Australia,46,Female,Tablet,1 Month
2147,Basic,12,23-07-22,09-07-23,Brazil,30,Female,Smartphone,1 Month
1481,Premium,14,03-11-22,04-07-23,United States,41,Female,Laptop,1 Month
1181,Premium,15,11-09-22,01-07-23,United States,40,Female,Laptop,1 Month
1473,Standard,14,23-10-22,05-07-23,Mexico,33,Male,Smartphone,1 Month
1152,Basic,11,29-06-22,02-07-23,Canada,29,Male,Smartphone,1 Month
988,Standard,12,31-10-22,02-07-23,United Kingdom,40,Female,Smartphone,1 Month
1763,Standard,14,02-11-22,07-07-23,United States,32,Female,Smartphone,1 Month
1436,Basic,14,27-06-22,04-07-23,United States,47,Female,Smart TV,1 Month
264,Premium,10,09-08-22,27-06-23,Australia,51,Male,Smartphone,1 Month
2032,Standard,10,27-10-22,09-07-23,Spain,45,Male,Smart TV,1 Month
1482,Basic,13,04-11-22,05-07-23,Canada,45,Male,Smartphone,1 Month
907,Standard,15,07-10-22,30-06-23,Spain,48,Male,Laptop,1 Month
1168,Standard,13,05-07-22,02-07-23,United Kingdom,42,Male,Laptop,1 Month
2083,Standard,12,27-08-22,09-07-23,United Kingdom,42,Male,Tablet,1 Month
903,Standard,11,25-09-22,29-06-23,Mexico,42,Male,Laptop,1 Month
2242,Basic,12,30-10-22,10-07-23,Spain,50,Female,Smart TV,1 Month
1984,Standard,11,15-09-22,09-07-23,Spain,44,Male,Smartphone,1 Month
1598,Standard,11,08-09-22,07-07-23,United States,48,Male,Laptop,1 Month
153,Standard,11,25-12-22,24-06-23,United Kingdom,47,Male,Smartphone,1 Month
657,Basic,14,03-08-22,29-06-23,Canada,34,Female,Smart TV,1 Month
1655,Basic,15,04-07-22,06-07-23,Italy,50,Female,Tablet,1 Month
780,Basic,15,12-11-22,30-06-23,Germany,43,Female,Laptop,1 Month
1197,Basic,14,25-10-22,03-07-23,Canada,35,Male,Smart TV,1 Month
1374,Standard,14,27-06-22,07-07-23,Canada,33,Male,Smart TV,1 Month
412,Basic,12,03-09-22,26-06-23,Canada,47,Male,Laptop,1 Month
1350,Basic,13,27-08-22,04-07-23,Germany,39,Female,Smartphone,1 Month
1810,Premium,14,19-09-22,09-07-23,United States,27,Male,Laptop,1 Month
452,Premium,12,16-06-22,26-06-23,Canada,42,Female,Laptop,1 Month
2441,Premium,10,07-10-22,10-07-23,United States,49,Female,Smartphone,1 Month
932,Basic,11,11-08-22,02-07-23,Brazil,37,Male,Smart TV,1 Month
2271,Premium,14,26-07-22,10-07-23,Spain,37,Female,Laptop,1 Month
2104,Standard,13,02-11-22,11-07-23,Spain,28,Female,Tablet,1 Month
382,Standard,10,07-06-22,26-06-23,Canada,51,Male,Smart TV,1 Month
1214,Basic,10,09-08-22,03-07-23,Australia,51,Female,Smartphone,1 Month
2370,Basic,11,29-09-22,12-07-23,Germany,31,Female,Laptop,1 Month
741,Premium,14,09-06-22,30-06-23,Spain,47,Male,Smart TV,1 Month
2456,Premium,13,11-11-22,13-07-23,United States,39,Male,Smartphone,1 Month
1285,Premium,10,06-08-22,04-07-23,United States,39,Male,Smart TV,1 Month
1089,Premium,14,24-06-22,30-06-23,Canada,46,Female,Tablet,1 Month
519,Premium,10,06-08-22,28-06-23,Canada,43,Male,Smartphone,1 Month
755,Basic,13,16-08-22,30-06-23,Italy,32,Male,Tablet,1 Month
1521,Premium,11,06-08-22,05-07-23,Spain,49,Male,Tablet,1 Month
2439,Premium,10,28-09-22,13-07-23,Canada,36,Female,Laptop,1 Month
1728,Standard,15,26-07-22,07-07-23,Mexico,35,Male,Smartphone,1 Month
396,Premium,14,10-06-22,27-06-23,France,30,Female,Smartphone,1 Month
1517,Basic,11,15-07-22,05-07-23,Brazil,28,Female,Smart TV,1 Month
508,Standard,12,23-10-22,28-06-23,United Kingdom,42,Female,Tablet,1 Month
1581,Premium,15,27-06-22,05-07-23,Spain,30,Female,Smart TV,1 Month
105,Basic,11,04-03-22,27-06-23,Germany,46,Female,Laptop,1 Month
1240,Basic,11,20-07-22,04-07-23,United States,30,Female,Laptop,1 Month
1457,Basic,10,31-08-22,05-07-23,Brazil,36,Male,Laptop,1 Month
1541,Premium,15,17-10-22,07-07-23,United States,33,Male,Smartphone,1 Month
247,Basic,12,07-07-22,27-06-23,Brazil,27,Male,Smart TV,1 Month
1801,Basic,12,14-08-22,06-07-23,France,46,Male,Tablet,1 Month
2465,Basic,15,03-11-22,11-07-23,Italy,30,Male,Tablet,1 Month
1757,Basic,13,03-11-22,05-07-23,Brazil,43,Male,Laptop,1 Month
849,Standard,10,12-11-22,29-06-23,Canada,30,Female,Smart TV,1 Month
486,Premium,15,13-09-22,26-06-23,France,37,Female,Laptop,1 Month
2375,Basic,13,18-10-22,10-07-23,Italy,42,Male,Laptop,1 Month
1055,Basic,11,23-10-22,01-07-23,Italy,47,Male,Smartphone,1 Month
766,Premium,13,30-09-22,01-07-23,France,43,Male,Smartphone,1 Month
1064,Basic,11,31-10-22,02-07-23,Australia,29,Male,Tablet,1 Month
2424,Standard,14,20-07-22,14-07-23,Canada,41,Female,Laptop,1 Month
1858,Standard,10,03-07-22,09-07-23,United Kingdom,34,Male,Smart TV,1 Month
351,Premium,11,02-11-22,28-06-23,United States,34,Female,Smart TV,1 Month
1653,Standard,13,01-07-22,06-07-23,Mexico,32,Male,Smartphone,1 Month
2440,Basic,14,29-09-22,12-07-23,United States,50,Female,Laptop,1 Month
1320,Basic,10,14-09-22,05-07-23,Germany,39,Male,Laptop,1 Month
2466,Premium,12,30-10-22,14-07-23,Spain,34,Male,Laptop,1 Month
95,Basic,11,28-02-22,25-06-23,Germany,34,Male,Laptop,1 Month
23,Standard,12,05-12-21,27-06-23,United Kingdom,49,Female,Smart TV,1 Month
778,Standard,13,03-11-22,01-07-23,United Kingdom,33,Male,Tablet,1 Month
1773,Standard,12,07-09-22,06-07-23,Mexico,37,Male,Tablet,1 Month
1923,Standard,12,17-07-22,08-07-23,Mexico,48,Male,Smartphone,1 Month
422,Basic,14,15-09-22,29-06-23,Canada,29,Female,Tablet,1 Month
1301,Premium,14,23-06-22,04-07-23,United States,51,Male,Smart TV,1 Month
523,Standard,13,07-06-22,29-06-23,United Kingdom,41,Male,Smartphone,1 Month
765,Standard,11,28-09-22,29-06-23,Germany,35,Female,Smart TV,1 Month
492,Basic,10,17-09-22,30-06-23,Canada,51,Male,Tablet,1 Month
1133,Basic,12,04-11-22,03-07-23,United States,42,Male,Laptop,1 Month
2240,Basic,12,25-10-22,11-07-23,Italy,51,Female,Laptop,1 Month
431,Premium,15,04-12-22,28-06-23,United States,28,Male,Smart TV,1 Month
1771,Premium,11,09-09-22,08-07-23,France,48,Female,Laptop,1 Month
69,Premium,15,23-12-22,23-06-23,Spain,36,Female,Laptop,1 Month
440,Basic,11,10-10-22,29-06-23,Italy,47,Male,Tablet,1 Month
1776,Premium,15,06-08-22,08-07-23,Spain,27,Female,Smart TV,1 Month
1788,Standard,10,06-07-22,09-07-23,Mexico,48,Female,Smart TV,1 Month
341,Premium,13,24-08-22,26-06-23,United States,44,Female,Laptop,1 Month
230,Basic,12,30-10-22,26-06-23,Italy,51,Male,Laptop,1 Month
634,Standard,12,29-09-22,29-06-23,Spain,51,Female,Smart TV,1 Month
722,Basic,13,11-08-22,30-06-23,Brazil,45,Male,Smartphone,1 Month
1840,Basic,14,15-09-22,08-07-23,United States,40,Male,Laptop,1 Month
997,Basic,14,18-10-22,02-07-23,Spain,51,Male,Tablet,1 Month
1743,Standard,11,30-09-22,08-07-23,Mexico,48,Male,Tablet,1 Month
1641,Premium,10,16-07-22,06-07-23,Spain,41,Male,Tablet,1 Month
1722,Basic,13,01-07-22,08-07-23,Canada,31,Male,Tablet,1 Month
2491,Premium,13,18-07-22,11-07-23,France,41,Female,Smartphone,1 Month
128,Standard,12,06-10-22,27-06-23,Mexico,48,Male,Smartphone,1 Month
1069,Premium,13,10-10-22,02-07-23,Spain,46,Male,Smart TV,1 Month
11,Basic,10,16-05-22,22-06-23,United States,31,Female,Smartphone,1 Month
1916,Premium,13,13-08-22,08-07-23,United States,40,Male,Tablet,1 Month
887,Basic,12,26-06-22,30-06-23,Brazil,38,Female,Laptop,1 Month
509,Premium,10,21-10-22,28-06-23,Australia,40,Male,Smartphone,1 Month
1250,Basic,10,08-09-22,04-07-23,Italy,44,Female,Smartphone,1 Month
2176,Basic,13,07-11-22,10-07-23,France,46,Male,Tablet,1 Month
2124,Standard,14,14-09-22,11-07-23,Canada,40,Male,Laptop,1 Month
710,Basic,10,10-11-22,30-06-23,Italy,48,Female,Smart TV,1 Month
34,Standard,12,25-05-22,26-06-23,Australia,29,Male,Smartphone,1 Month
352,Basic,10,20-09-22,26-06-23,Canada,38,Male,Laptop,1 Month
119,Standard,11,20-09-22,25-06-23,Spain,44,Female,Smartphone,1 Month
1053,Standard,13,15-10-22,01-07-23,Mexico,49,Male,Smartphone,1 Month
59,Premium,15,03-12-22,23-06-23,Spain,27,Female,Smart TV,1 Month
972,Basic,14,10-09-22,02-07-23,Canada,37,Female,Laptop,1 Month
1272,Basic,13,05-11-22,04-07-23,Canada,27,Male,Smartphone,1 Month
581,Premium,10,02-08-22,29-06-23,United States,29,Female,Laptop,1 Month
896,Basic,10,20-08-22,01-07-23,United States,47,Female,Smartphone,1 Month
1470,Basic,10,15-10-22,06-07-23,Germany,27,Female,Tablet,1 Month
2298,Standard,12,18-09-22,10-07-23,Mexico,32,Male,Tablet,1 Month
2047,Basic,11,30-10-22,09-07-23,Spain,42,Female,Laptop,1 Month
591,Premium,14,19-06-22,28-06-23,Spain,35,Female,Smart TV,1 Month
1083,Standard,12,28-06-22,02-07-23,Mexico,28,Female,Laptop,1 Month
2211,Premium,13,13-07-22,09-07-23,Spain,27,Male,Laptop,1 Month
1491,Premium,11,11-09-22,05-07-23,Spain,42,Female,Laptop,1 Month
811,Premium,13,10-06-22,30-06-23,France,36,Male,Laptop,1 Month
1392,Basic,13,25-09-22,06-07-23,Canada,41,Female,Tablet,1 Month
1325,Basic,15,03-10-22,04-07-23,Italy,34,Male,Smartphone,1 Month
1973,Standard,15,09-11-22,09-07-23,United States,37,Female,Tablet,1 Month
629,Premium,11,12-10-22,29-06-23,Australia,39,Male,Tablet,1 Month
2255,Basic,15,31-10-22,09-07-23,Italy,41,Female,Laptop,1 Month
319,Premium,14,22-08-22,26-06-23,Spain,32,Female,Smartphone,1 Month
1534,Standard,14,02-10-22,06-07-23,Spain,30,Female,Tablet,1 Month
914,Basic,12,19-10-22,02-07-23,Australia,44,Female,Smart TV,1 Month
1729,Standard,11,30-07-22,07-07-23,Spain,41,Male,Laptop,1 Month
1221,Premium,15,02-07-22,01-07-23,Spain,40,Male,Smart TV,1 Month
1550,Basic,11,04-11-22,07-07-23,Italy,49,Female,Smart TV,1 Month
1760,Basic,15,06-11-22,07-07-23,Italy,35,Male,Tablet,1 Month
2196,Premium,15,16-08-22,09-07-23,Spain,39,Male,Smartphone,1 Month
1877,Premium,11,13-09-22,07-07-23,Brazil,50,Female,Smartphone,1 Month
1028,Standard,12,04-07-22,01-07-23,United States,47,Male,Tablet,1 Month
1540,Basic,12,16-10-22,06-07-23,United States,42,Male,Laptop,1 Month
143,Standard,14,31-08-22,24-06-23,United Kingdom,30,Female,Tablet,1 Month
2024,Premium,13,11-10-22,11-07-23,Australia,46,Female,Laptop,1 Month
2262,Premium,10,23-09-22,10-07-23,Canada,40,Female,Smartphone,1 Month
1574,Premium,10,07-07-22,06-07-23,Australia,36,Male,Smart TV,1 Month
845,Basic,12,19-10-22,29-06-23,Italy,49,Male,Smartphone,1 Month
1257,Basic,14,05-10-22,01-07-23,Canada,32,Male,Smart TV,1 Month
576,Premium,15,26-10-22,30-06-23,Spain,49,Female,Tablet,1 Month
333,Standard,15,24-07-22,27-06-23,United Kingdom,43,Female,Smart TV,1 Month
2285,Basic,13,19-07-22,10-07-23,Italy,47,Male,Smartphone,1 Month
1312,Basic,11,06-08-22,06-07-23,Spain,31,Female,Laptop,1 Month
289,Standard,15,20-11-22,25-06-23,Spain,34,Female,Smart TV,1 Month
2150,Basic,12,06-08-22,11-07-23,Italy,46,Female,Tablet,1 Month
2448,Standard,13,24-10-22,12-07-23,Mexico,43,Male,Tablet,1 Month
923,Standard,13,08-11-22,30-06-23,United States,28,Male,Tablet,1 Month
943,Standard,15,23-06-22,01-07-23,United Kingdom,42,Female,Smart TV,1 Month
1342,Basic,12,01-11-22,05-07-23,Spain,36,Female,Laptop,1 Month
282,Basic,11,30-10-22,25-06-23,Canada,33,Male,Smart TV,1 Month
1036,Premium,14,22-08-22,04-07-23,France,27,Female,Smartphone,1 Month
2225,Basic,13,02-09-22,12-07-23,Italy,45,Female,Smart TV,1 Month
1917,Basic,14,12-08-22,08-07-23,Canada,32,Female,Tablet,1 Month
1925,Basic,10,14-07-22,08-07-23,Italy,37,Female,Smart TV,1 Month
137,Basic,12,10-08-22,22-06-23,Brazil,49,Male,Laptop,1 Month
2077,Basic,11,19-07-22,08-07-23,Spain,39,Female,Laptop,1 Month
2067,Basic,10,12-07-22,09-07-23,Canada,44,Female,Laptop,1 Month
1708,Standard,13,25-07-22,07-07-23,United Kingdom,35,Male,Smartphone,1 Month
404,Premium,13,01-08-22,28-06-23,Australia,28,Male,Smartphone,1 Month
1334,Premium,12,23-10-22,05-07-23,Australia,37,Male,Smart TV,1 Month
1702,Basic,12,02-09-22,07-07-23,Spain,43,Male,Smartphone,1 Month
1238,Standard,12,12-07-22,04-07-23,United States,28,Female,Smartphone,1 Month
979,Standard,15,08-10-22,01-07-23,Spain,45,Male,Smartphone,1 Month
1255,Basic,10,02-10-22,04-07-23,United States,50,Male,Smart TV,1 Month
904,Standard,12,27-09-22,03-07-23,Spain,37,Male,Tablet,1 Month
287,Basic,10,16-10-22,26-06-23,Brazil,43,Male,Smartphone,1 Month
322,Basic,15,04-06-22,27-06-23,Canada,44,Male,Smartphone,1 Month
1621,Premium,10,04-11-22,05-07-23,France,39,Male,Laptop,1 Month
1894,Premium,11,30-10-22,08-07-23,Spain,33,Male,Tablet,1 Month
705,Basic,13,04-10-22,28-06-23,Germany,32,Male,Laptop,1 Month
1288,Standard,11,12-07-22,03-07-23,United Kingdom,39,Male,Smartphone,1 Month
1995,Basic,11,12-07-22,08-07-23,Germany,39,Male,Tablet,1 Month
961,Premium,15,23-07-22,01-07-23,France,48,Male,Laptop,1 Month
1795,Basic,14,07-07-22,07-07-23,United States,32,Male,Smart TV,1 Month
1946,Basic,10,11-09-22,10-07-23,United States,34,Female,Smart TV,1 Month
2219,Standard,10,06-08-22,10-07-23,Australia,41,Female,Laptop,1 Month
1277,Premium,11,30-09-22,04-07-23,Brazil,30,Male,Smartphone,1 Month
158,Basic,13,19-10-22,28-06-23,Mexico,47,Female,Smartphone,1 Month
628,Standard,10,09-10-22,01-07-23,United Kingdom,42,Male,Smartphone,1 Month
1913,Standard,11,14-09-22,08-07-23,United States,46,Male,Tablet,1 Month
1094,Standard,10,22-06-22,02-07-23,Australia,45,Female,Tablet,1 Month
5,Basic,10,01-05-23,28-06-23,Germany,33,Male,Smartphone,1 Month
895,Basic,10,15-08-22,30-06-23,United States,30,Male,Smartphone,1 Month
1934,Premium,12,09-07-22,08-07-23,Australia,36,Female,Laptop,1 Month
80,Basic,12,08-11-22,22-06-23,Italy,43,Male,Tablet,1 Month
491,Premium,12,07-10-22,28-06-23,United States,28,Female,Smartphone,1 Month
2449,Premium,10,27-10-22,09-07-23,Spain,51,Female,Smart TV,1 Month
1753,Standard,15,26-10-22,06-07-23,United Kingdom,47,Male,Laptop,1 Month
226,Basic,10,27-09-22,26-06-23,France,35,Male,Smartphone,1 Month
1488,Standard,10,25-09-22,05-07-23,Mexico,51,Female,Smart TV,1 Month
1384,Standard,13,17-08-22,05-07-23,Spain,33,Male,Smart TV,1 Month
206,Premium,11,06-08-22,25-06-23,France,40,Male,Smartphone,1 Month
624,Standard,10,02-09-22,30-06-23,Canada,42,Male,Smartphone,1 Month
1627,Basic,15,16-10-22,07-07-23,Spain,42,Female,Smartphone,1 Month
75,Basic,13,28-05-22,26-06-23,Germany,28,Female,Laptop,1 Month
933,Standard,10,11-08-22,01-07-23,Mexico,35,Male,Laptop,1 Month
1688,Standard,14,04-11-22,06-07-23,United States,41,Female,Tablet,1 Month
2074,Premium,14,13-07-22,09-07-23,Spain,44,Male,Smartphone,1 Month
1178,Standard,12,03-09-22,04-07-23,United States,30,Male,Smart TV,1 Month
131,Premium,15,06-10-22,23-06-23,United States,47,Male,Laptop,1 Month
1368,Standard,14,27-06-22,03-07-23,Mexico,31,Female,Laptop,1 Month
1132,Standard,13,06-11-22,03-07-23,Spain,51,Male,Laptop,1 Month
955,Basic,15,20-06-22,02-07-23,United States,36,Female,Laptop,1 Month
8,Basic,10,02-04-23,24-06-23,Mexico,39,Female,Laptop,1 Month
2247,Basic,15,09-11-22,10-07-23,Canada,30,Male,Tablet,1 Month
1883,Basic,14,04-10-22,08-07-23,United States,50,Female,Tablet,1 Month
2378,Standard,11,22-10-22,11-07-23,United States,51,Male,Smart TV,1 Month
1291,Premium,10,30-06-22,02-07-23,France,32,Female,Laptop,1 Month
2265,Standard,10,30-08-22,10-07-23,Germany,43,Male,Tablet,1 Month
1479,Standard,12,06-11-22,06-07-23,Canada,29,Female,Smart TV,1 Month
1109,Premium,13,04-09-22,01-07-23,Australia,51,Female,Smartphone,1 Month
1697,Basic,11,06-10-22,07-07-23,Brazil,47,Female,Tablet,1 Month
343,Standard,13,06-08-22,25-06-23,United Kingdom,46,Male,Smart TV,1 Month
411,Premium,14,03-09-22,26-06-23,United States,48,Female,Tablet,1 Month
163,Standard,11,05-04-22,26-06-23,United Kingdom,29,Male,Laptop,1 Month
369,Premium,12,25-10-22,27-06-23,Spain,46,Female,Smartphone,1 Month
2455,Basic,10,09-11-22,11-07-23,United States,38,Female,Tablet,1 Month
1067,Basic,14,20-10-22,02-07-23,Brazil,32,Female,Tablet,1 Month
2155,Basic,12,01-09-22,09-07-23,United States,44,Male,Smartphone,1 Month
1175,Basic,12,23-08-22,02-07-23,Italy,41,Male,Laptop,1 Month
936,Premium,15,18-07-22,02-07-23,Spain,29,Male,Tablet,1 Month
534,Standard,11,05-06-22,28-06-23,Canada,39,Female,Smart TV,1 Month
1525,Basic,14,24-08-22,04-07-23,United States,50,Female,Tablet,1 Month
2399,Premium,14,23-10-22,10-07-23,Australia,35,Male,Tablet,1 Month
819,Premium,14,01-07-22,01-07-23,Canada,50,Male,Laptop,1 Month
790,Basic,14,30-08-22,30-06-23,United States,37,Female,Smartphone,1 Month
2183,Basic,10,09-11-22,10-07-23,United States,49,Female,Smart TV,1 Month
307,Standard,11,08-07-22,28-06-23,Brazil,29,Female,Smart TV,1 Month
1606,Premium,15,08-10-22,07-07-23,France,35,Female,Smartphone,1 Month
1886,Basic,12,11-10-22,08-07-23,United States,38,Male,Smart TV,1 Month
1563,Standard,15,25-08-22,03-07-23,Mexico,42,Male,Laptop,1 Month
1845,Basic,12,16-08-22,07-07-23,Germany,32,Female,Smartphone,1 Month
328,Standard,12,26-07-22,27-06-23,Mexico,45,Female,Tablet,1 Month
232,Standard,11,30-08-22,27-06-23,Canada,28,Male,Smartphone,1 Month
1287,Premium,11,12-07-22,02-07-23,Canada,46,Male,Tablet,1 Month
2314,Standard,12,05-11-22,12-07-23,Spain,47,Female,Smart TV,1 Month
1031,Premium,13,20-07-22,01-07-23,United States,50,Female,Smart TV,1 Month
1800,Basic,14,12-08-22,09-07-23,Germany,42,Male,Tablet,1 Month
660,Basic,12,27-06-22,29-06-23,Germany,28,Male,Smart TV,1 Month
1888,Standard,12,15-10-22,10-07-23,United Kingdom,50,Male,Laptop,1 Month
714,Premium,15,30-10-22,29-06-23,Canada,29,Male,Tablet,1 Month
148,Standard,15,27-11-22,28-06-23,Mexico,39,Female,Smartphone,1 Month
2023,Standard,11,09-10-22,10-07-23,United Kingdom,37,Male,Tablet,1 Month
454,Standard,15,28-05-22,28-06-23,Australia,51,Female,Tablet,1 Month
2299,Premium,14,22-09-22,12-07-23,Spain,41,Male,Smartphone,1 Month
297,Basic,13,02-11-22,24-06-23,Brazil,40,Male,Smartphone,1 Month
1128,Standard,10,05-11-22,03-07-23,Mexico,42,Male,Tablet,1 Month
1860,Basic,10,03-07-22,09-07-23,Germany,42,Male,Laptop,1 Month
20,Basic,10,27-05-23,22-06-23,Italy,41,Male,Tablet,1 Month
618,Standard,10,06-09-22,28-06-23,Mexico,28,Female,Smart TV,1 Month
261,Premium,13,04-07-22,25-06-23,United States,27,Female,Smart TV,1 Month
311,Basic,15,07-06-22,27-06-23,United States,29,Female,Smartphone,1 Month
2401,Basic,11,16-10-22,11-07-23,France,35,Female,Laptop,1 Month
1446,Premium,13,07-07-22,05-07-23,Spain,48,Male,Tablet,1 Month
1204,Standard,13,30-10-22,05-07-23,Spain,42,Male,Laptop,1 Month
1807,Standard,11,08-09-22,07-07-23,Spain,37,Male,Smartphone,1 Month
1383,Standard,13,13-08-22,04-07-23,Mexico,51,Female,Tablet,1 Month
603,Standard,15,06-06-22,27-06-23,Mexico,46,Female,Tablet,1 Month
1993,Standard,15,19-07-22,08-07-23,United Kingdom,29,Female,Tablet,1 Month
1542,Basic,11,21-10-22,07-07-23,Canada,35,Male,Smart TV,1 Month
1908,Standard,15,19-09-22,09-07-23,Mexico,41,Male,Smartphone,1 Month
1535,Basic,12,06-10-22,05-07-23,Italy,31,Female,Smart TV,1 Month
1220,Basic,13,01-07-22,03-07-23,Italy,28,Male,Smart TV,1 Month
56,Premium,15,15-03-22,27-06-23,France,36,Male,Tablet,1 Month
1007,Basic,12,17-07-22,30-06-23,Brazil,35,Male,Smart TV,1 Month
635,Basic,13,03-10-22,27-06-23,Italy,29,Male,Laptop,1 Month
1254,Standard,14,30-09-22,04-07-23,Canada,49,Female,Tablet,1 Month
593,Standard,11,06-06-22,29-06-23,United States,41,Male,Smartphone,1 Month
2172,Basic,14,29-10-22,10-07-23,Canada,39,Female,Smart TV,1 Month
840,Standard,15,07-10-22,03-07-23,Germany,49,Male,Smartphone,1 Month
496,Premium,10,30-10-22,30-06-23,France,51,Female,Laptop,1 Month
2268,Standard,15,16-08-22,11-07-23,Mexico,48,Male,Smart TV,1 Month
1902,Basic,15,07-11-22,10-07-23,Canada,30,Male,Smart TV,1 Month
1740,Standard,15,18-09-22,06-07-23,Germany,37,Female,Laptop,1 Month
1685,Basic,15,31-10-22,07-07-23,Italy,46,Male,Laptop,1 Month
678,Standard,15,27-06-22,28-06-23,Mexico,42,Female,Smart TV,1 Month
67,Basic,10,18-09-22,25-06-23,Brazil,47,Female,Smart TV,1 Month
521,Basic,15,18-06-22,28-06-23,United States,33,Female,Smart TV,1 Month
65,Basic,10,29-03-23,28-06-23,Germany,40,Female,Laptop,1 Month
21,Premium,15,10-06-23,22-06-23,United States,26,Female,Laptop,1 Month
2107,Standard,14,07-11-22,07-07-23,Spain,32,Female,Smart TV,1 Month
760,Premium,13,04-09-22,01-07-23,United States,40,Female,Smartphone,1 Month
697,Basic,12,06-10-22,29-06-23,Spain,43,Male,Smart TV,1 Month
1096,Premium,15,30-06-22,02-07-23,France,28,Male,Smartphone,1 Month
2094,Premium,13,12-10-22,11-07-23,Canada,40,Female,Smart TV,1 Month
939,Premium,10,14-07-22,02-07-23,Canada,29,Male,Tablet,1 Month
2460,Basic,15,12-11-22,13-07-23,Germany,35,Female,Smart TV,1 Month
582,Basic,12,16-07-22,28-06-23,Canada,43,Female,Laptop,1 Month
1003,Standard,13,11-08-22,01-07-23,United Kingdom,46,Male,Smart TV,1 Month
1595,Basic,12,25-08-22,04-07-23,Italy,51,Female,Tablet,1 Month
613,Standard,12,27-07-22,28-06-23,United Kingdom,51,Male,Laptop,1 Month
1359,Standard,13,09-07-22,05-07-23,Canada,35,Male,Laptop,1 Month
2195,Basic,14,16-08-22,10-07-23,Italy,40,Female,Smart TV,1 Month
22,Basic,10,22-07-22,28-06-23,Canada,34,Male,Smartphone,1 Month
1570,Basic,13,17-07-22,06-07-23,United States,44,Male,Tablet,1 Month
1438,Standard,10,28-06-22,05-07-23,United Kingdom,45,Female,Smartphone,1 Month
1162,Basic,10,21-06-22,02-07-23,Spain,51,Male,Smart TV,1 Month
627,Basic,11,29-09-22,29-06-23,Canada,43,Female,Smart TV,1 Month
1391,Premium,14,15-09-22,04-07-23,United States,36,Female,Tablet,1 Month
430,Basic,14,22-11-22,30-06-23,Italy,46,Female,Smart TV,1 Month
391,Premium,13,23-06-22,27-06-23,United States,42,Male,Laptop,1 Month
385,Premium,15,22-05-22,27-06-23,Germany,44,Male,Smartphone,1 Month
2007,Basic,10,17-07-22,07-07-23,Canada,39,Female,Smart TV,1 Month
183,Standard,15,26-05-22,26-06-23,United Kingdom,36,Female,Tablet,1 Month
1160,Basic,12,20-06-22,03-07-23,Italy,43,Female,Smart TV,1 Month
569,Standard,10,17-11-22,26-06-23,Australia,31,Female,Laptop,1 Month
160,Premium,15,27-10-22,25-06-23,Italy,39,Male,Smartphone,1 Month
989,Basic,12,08-11-22,01-07-23,Australia,34,Male,Smartphone,1 Month
449,Premium,10,07-08-22,28-06-23,Spain,37,Female,Laptop,1 Month
735,Basic,14,24-06-22,28-06-23,Germany,40,Male,Laptop,1 Month
302,Premium,11,14-09-22,27-06-23,Canada,44,Male,Tablet,1 Month
1216,Premium,15,28-07-22,04-07-23,France,28,Female,Tablet,1 Month
1372,Basic,12,25-06-22,05-07-23,Spain,40,Female,Laptop,1 Month
1851,Premium,11,25-07-22,08-07-23,Spain,48,Female,Laptop,1 Month
10,Premium,15,07-01-23,22-06-23,Italy,44,Female,Smart TV,1 Month
1115,Basic,14,03-10-22,01-07-23,Italy,33,Male,Laptop,1 Month
848,Standard,11,01-11-22,02-07-23,United States,40,Male,Tablet,1 Month
